{"0.0001": {"weights": [-0.6669586932671403, -2.3915933217636822, 0.5691007539412507], "loss": [550.4969090545998, 462.7577523851983, 443.1315392448365, 444.76749538807917, 447.7586580836954, 430.9147085758949, 439.67031250139166, 429.19577173378514, 416.7852924979005, 441.2800097369815, 438.73599946234543, 413.12777468428527, 431.0942116744711, 426.89872845312027, 448.3044677421502, 412.8458368423216, 431.3209710912003, 426.63444572918434, 479.473437128652, 430.229927282498, 442.7901717420665, 440.3927547324193, 427.02123828049247, 417.7164154465813, 451.4468782813152, 436.042807170486, 441.9748112716267, 406.6653987895977, 431.94776951222923, 423.042269468966, 448.1528291583203, 443.13769671152227, 428.33408725128106, 440.38064662846136, 433.8795384590692, 411.6692956300716, 445.1392963174404, 423.61024066732585, 419.4196314175405, 424.0975647945588, 427.3128978567054, 433.99689517561785, 433.0650092727385, 414.8021917323502, 420.6153307667154, 438.3860897265878, 419.56617831764, 446.663995654544, 423.04876932358604, 427.08732751611046, 444.73808390688146, 416.5913355628144, 432.4646857378085, 420.6308497597701, 443.57122445130466, 429.75209862494006, 423.82608729022803, 439.2838722733295, 421.13170964064443, 436.6431549943278, 433.9394172028733, 421.00351138803114, 409.0518014880423, 429.7005443637471, 435.316432712859, 426.40182129398227, 457.29694761954886, 439.6581459773546, 420.07016594119875, 429.7706668377102, 421.5978947992448, 433.2300810028623, 460.7269705489082, 458.9028854500233, 434.60064431587523, 438.4183349779313, 439.4814911360631, 412.48389843926293, 427.08683642259064, 431.39171808640026, 451.93301855819004, 440.44060362926393, 432.79690856877585, 413.4497829562142, 411.94473263150866, 438.31946042674525, 413.56901701451494, 427.3188035935233, 436.41144939754054, 426.97308050981843, 432.585690671716, 432.37442803611873, 428.83367597988286, 425.136138601815, 456.4594058007154, 426.10830711464723, 418.54090904557086, 406.43638952888944, 418.4740843939577, 419.9181114652447, 413.9631097790624, 441.4980522439107, 433.73873091819314, 436.3152360881959, 438.8996625017247, 438.80407019375684, 422.34633974775306, 410.18460033885276, 418.66549314987253, 455.1376907759292, 449.77140157495535, 436.619054930516, 437.1229503961494, 445.36041715842566, 432.07056694159047, 432.1932085414496, 439.32127984832204, 438.02120297026966, 407.96907227700825, 468.5811695658899, 429.89755044407707, 451.193001033131, 435.68862403339017, 438.0916843353113, 406.2182878944776, 448.6321736297673, 436.7573295941762, 435.39379019599187, 429.0952994247424, 453.4494827200753, 445.2505128739766, 443.21017314111464, 421.2213544157569, 427.74499042060006, 440.58165928569883, 463.93907663453143, 416.2597463398336, 412.2926862222551, 436.15300313598743, 434.8007618176845, 425.20277338371045, 440.3964419850764, 439.5321634716393, 432.8984918619449, 419.27773033493685, 409.5417520203276, 429.5112964090115, 419.60775955194345, 430.12959487053126, 484.04376615584204, 473.44113593199324, 432.8837731612779, 413.82264566346487, 461.8024967963787, 431.46188781383455, 452.2582458636702, 437.08993820248685, 416.953998296105, 411.5514446765319, 423.2216447585869, 449.596802622238, 442.2598171413839, 427.9950355155598, 439.60317699147015, 423.25702051569914, 440.0816285470076, 430.02346006103005, 452.4795266217551, 437.3483080678353, 438.86061480866397, 440.7524497299084, 452.35929557283663, 427.47730164967913, 419.4863998925233, 421.0264277828202, 421.98709899479286, 431.3295664491133, 417.92236063111795, 424.3012554911584, 444.69155480452514, 429.75934890020665, 444.27487133171087, 406.04803168545874, 421.64506379791834, 459.0427801161003, 430.0045581813388, 415.3877744157337, 445.43223287399167, 447.34684617994606, 431.5517978359535, 448.7453896185912, 422.4765349057445, 421.83643153444257, 431.85656157882397, 436.08629261029137, 423.04748553085216, 427.66426574230786, 420.78996181410787, 429.0825192316099, 428.24342718721726, 431.3127248066122]}}