{"0.0001": {"weights": [-1.0666811495713713, -0.262417286460898, 0.29787551260330647], "loss": [990.1275859415102, 717.6302203352635, 583.7047831090647, 519.7671240707826, 518.9223540865676, 499.29740993502236, 488.4772408110017, 509.89957596379134, 521.7275469036019, 507.9614329632943, 513.3877346082547, 504.1945277468293, 510.74323534278864, 515.0957548787079, 508.5990368017166, 513.4283169862624, 514.0736228503506, 516.5484079591092, 511.48254524000305, 504.65805300135935, 511.91890239657494, 507.42617034253544, 510.1811188825772, 515.7632074179098, 497.4641816062023, 517.898474946431, 507.87420153945874, 505.13183510171496, 510.7618345023095, 512.9407994371843, 508.19370189897313, 517.9687854015438, 511.2882827549389, 520.4018042440173, 511.05218015530875, 515.6331737793416, 513.3979918902874, 497.8568434585338, 515.2557245129169, 511.1057722577624, 497.5494979841434, 499.9695208644267, 527.6448796101347, 515.1547202391228, 511.5952202393827, 506.84936861624533, 504.617800184587, 515.6309337756886, 503.21627628638754, 535.4135769063712, 508.66413987088475, 500.07618623440135, 524.1141515091251, 514.4782977490377, 510.4421170821903, 506.9171829275037, 518.1985668814457, 507.74555540464223, 511.890105709153, 511.40462170124624, 509.5914568237382, 512.7796207255655, 508.64912285584546, 514.91546166131, 513.862286873793, 527.6382372077745, 517.5697825033926, 529.3651392704999, 504.531065776937, 512.3152592358616, 523.9101357984138, 503.5036108030346, 503.14056233878136, 517.7310847757253, 529.2980769369926, 515.5469671443132, 518.2028697266863, 512.293643162614, 521.6018772604695, 510.57581849814596, 525.3086574626866, 505.87540811845736, 499.6288015304676, 514.4587150714917, 513.3612489741445, 518.673481971687, 524.9236442365042, 515.9333219022448, 519.5196476703229, 515.5262043666935, 510.35524109291646, 520.2933514724824, 519.5257743364631, 517.7726786527392, 505.70312114150045, 524.7116868054165, 512.2487861643112, 501.77137628626076, 534.9425445193642, 515.6138826994234, 504.2724178234539, 510.3675704488687, 531.2484684868584, 519.3363990174241, 499.43373540475005, 511.66855800669845, 516.2640865759549, 516.1220444425752, 499.17211827840254, 522.3849643027434, 500.13963948634347, 500.57173857528596, 519.5864755268857, 506.2754946723494, 522.6290618882003, 534.8700150901827, 512.2189700959862, 513.1996896605663, 512.0509779718769, 515.464421800306, 515.7484057396515, 513.2141519486394, 522.0562290938727, 507.8014164854934, 507.69262517168175, 511.4338783559006, 500.95876285609023, 521.8289909701978, 510.9781993193803, 505.80132098201386, 519.486114749084, 519.1059482692242, 519.5966579582953, 522.264418986103, 511.88256594093986, 521.9164049329042, 504.26857793535635, 512.4938694415025, 505.13835508742864, 521.1037695956803, 511.7125631615723, 512.3131848012973, 516.7305170489617, 524.7348785272771, 509.3441592044256, 506.1458506421768, 528.9009601391161, 521.9883759781619, 515.9848950998021, 524.0964351160856, 504.018739573777, 504.91417650865844, 509.83905148769065, 527.6809454014092, 497.75875508281143, 521.5154198484006, 512.2894203114422, 510.13744980189495, 510.6997283846426, 522.9640588029176, 507.8055963965073, 524.6382106489282, 517.3012628507427, 499.3688421623341, 511.41130627257394, 499.89804711480167, 527.2484472899075, 503.14998449831126, 519.8538728609788, 512.3385707562795, 511.99481923166326, 521.5209787416563, 510.7833930878015, 526.6209391949476, 522.5944975120366, 520.5873845466049, 510.31896553808207, 519.4734299328386, 510.9067154726698, 508.55181842663376, 514.7534785973248, 506.21912555955527, 524.6967166847714, 509.4221508614609, 511.846849321183, 521.0737599927411, 509.6082016510027, 517.3317638004977, 512.3133076870866, 520.8826014508213, 512.8607524817414, 525.2518389215229, 515.5024395422016, 515.4652294623944, 527.5645662261775, 507.7516899709469, 503.71876760978466, 510.861103488162, 513.2996138336935, 508.8279693579205, 502.42201964886453]}}