{"0.0001": {"weights": [-0.9543638382022327, 1.3214576483631553, 0.02733904537540796], "loss": [621.4551855681491, 541.5482945302216, 541.2992715652878, 535.2467372368587, 538.0400252694653, 538.357891421801, 539.5112979485588, 542.7050652925882, 538.9535684725261, 534.1216401724461, 541.9724153642018, 541.4281790920184, 532.405803920648, 530.735247237671, 543.2356225554443, 539.1660843622249, 543.9627210627558, 537.8829533180875, 541.2380899345549, 534.2872966375487, 541.9506317227343, 536.6273150628634, 538.4432497890132, 533.1118088702979, 545.002196514602, 536.945521205542, 531.0762617714812, 533.8401486291162, 536.287063219216, 541.7612312867813, 537.7396195942797, 538.9959522505839, 545.3701254466446, 539.3749192933437, 543.2709777896357, 539.5458759019444, 538.7793699117685, 535.0315855105782, 538.162479349664, 536.4618012329144, 534.6971182617526, 543.3855433130224, 534.6829031807137, 532.4949143697771, 542.9885870563095, 532.8715491938676, 541.6690045069394, 537.9917377199044, 530.1880131382877, 534.465069820812, 538.2170066090757, 537.8718351864264, 537.384695573419, 538.5070892476303, 534.0909597469055, 535.3231441083303, 543.4014905812253, 543.7992642431044, 535.2007626088417, 541.2026437931804, 540.6104352837935, 533.4680901408132, 536.3003005463543, 540.2046860539459, 538.1646619840845, 538.5105080555234, 542.2633985679842, 537.6570319788813, 538.3463923627029, 539.3473617525349, 539.9654979799079, 536.3234920198956, 540.1812178842148, 539.2083957488192, 535.1714779605337, 538.7001215158239, 540.3590929861482, 536.4625106379584, 540.8147629785594, 534.7425016869078, 539.0816750556314, 535.183976168791, 538.8326717619602, 534.8805536850933, 533.841544397103, 536.9559320037703, 533.0362920373983, 533.8180342181391, 542.7827499354775, 538.3104884740941, 537.2066177482964, 545.7066015265566, 538.162164630083, 543.9601352280879, 537.6172285999592, 537.4639533539612, 540.7977573813367, 533.5126608978092, 541.2095855566171, 542.6911435512491, 540.1881415080824, 540.5411256519285, 544.4245041549391, 530.827546895367, 539.6037599755583, 537.6428751421763, 537.7955555505337, 545.3061226016073, 535.0898236427271, 529.0241505444407, 541.652639962732, 535.6197992089794, 544.6737444448358, 538.9062000143842, 539.0628838856005, 541.0011558050794, 539.1858572066205, 538.1770824899977, 535.761932591759, 535.8542419172962, 543.6176802370308, 541.9198315456727, 539.9688290781138, 536.218745644109, 538.8986620061738, 537.9692582439866, 538.2323856345206, 533.0218234661421, 540.3907523468665, 541.29318335669, 533.7763306283039, 539.095012088593, 533.2232395368864, 534.517607327196, 535.2934295387768, 538.5065548991245, 533.972764001834, 543.1627595970893, 538.6569045417901, 543.1441574528551, 536.9044262070522, 532.8976521088836, 535.991574657575, 533.1365377207907, 540.5552135553701, 543.6198990744165, 539.8965327176902, 536.6457038893641, 537.7239882162141, 537.2826310117841, 533.6727112880897, 535.6748710236171, 543.278575589424, 536.9106821929824, 540.7535978060697, 538.1052424950042, 540.3578197590871, 547.7959667989129, 537.8050980750174, 538.2481099149633, 536.6631462615464, 542.1248053175998, 540.7434139673117, 542.270017253467, 536.8041799171165, 532.9240606254538, 534.1754612016139, 545.0238997192325, 537.0845851766575, 543.7822828255769, 533.6523347116679, 536.4479245565717, 539.2939840004219, 536.9224973640364, 535.8449699895615, 534.9790419188455, 536.0195253037915, 535.7425340419902, 540.6058156771654, 531.8491887160671, 537.9518718711445, 534.777981727607, 536.3252582500605, 539.2709335742395, 535.792888406264, 538.6976242053137, 542.4242906107029, 539.1731329440479, 537.1438977511319, 541.1353831369167, 540.5708304197262, 541.2701533547122, 540.0672367495957, 535.8009595857179, 540.5523646876647, 538.8217384691022, 534.3824487105634, 533.6621930606, 538.7276225647705, 535.7023018859827, 537.2403171477711]}}