{"0.0001": {"weights": [-0.15894256477609187, -0.6558687075559211, 0.31734589209615344], "loss": [502.33816003705033, 447.11450013544584, 420.8050055068196, 411.44587127418026, 395.25454637590747, 371.93327994326484, 314.4623863623855, 300.4473633780838, 280.43595448015344, 259.166163119981, 244.5473745547652, 246.56771321266882, 223.33010671262008, 220.4769635212524, 209.41575770184107, 208.73404236533668, 199.83305138012878, 207.71787789483284, 203.8698513104339, 196.90406528474955, 193.19675551679853, 195.12641634660633, 190.66718730629074, 188.8609954780423, 194.83031387108448, 197.30568386605742, 192.41170993874445, 192.74846469914945, 188.30527671270133, 193.20539607433633, 190.69059477319382, 189.83452142814667, 192.4900062907555, 189.27120104313667, 195.87248144494617, 193.49227390365357, 193.42554004122067, 190.87718094384985, 196.10105739913115, 192.6416709960639, 192.67761172056618, 191.44266832899757, 194.6965329355262, 186.55159858268112, 189.85669606201117, 190.68209054548964, 190.98650974277547, 193.6774684090134, 193.75246596740405, 192.46365293230218, 189.1327012279674, 191.87002168748683, 195.29829323016335, 198.4518204337105, 194.31980487347482, 192.06319639390165, 190.96712493846786, 195.17818906890972, 195.78931534222238, 195.11021023318182, 195.31328116223108, 195.41997760414057, 194.66407209628363, 188.26785450895767, 186.95607604322782, 191.13646022320478, 192.0597213829139, 191.81965117826437, 192.71756823940532, 192.3386547998512, 193.49104436825039, 196.9805954724152, 191.22210813673496, 192.66803521357843, 189.01556619115456, 194.2046139743797, 196.49807789213568, 190.2406283451642, 192.13961297916111, 192.8500506856724, 190.85869023280864, 187.84204918388957, 192.32694936317853, 194.73625338610626, 192.10248154593384, 188.62396677104334, 190.24456756450917, 191.27789983781724, 189.8800051413051, 189.7012616466186, 194.67020567108926, 192.6086209644688, 202.68132269966065, 194.9013728274216, 192.18008461743568, 194.15354073335521, 189.95075396634712, 189.13688641231235, 193.06083456317654, 192.26374974495374, 189.7005487928931, 186.7531147205719, 194.30133620857802, 194.42257457438473, 195.37968602250027, 187.34273094045466, 192.3964749306406, 189.77566317076648, 193.44518583815915, 190.76991994380336, 189.4772755536153, 190.55377392470342, 188.07183787159718, 189.97776799859992, 192.20316805283943, 197.74569175486596, 196.6881808402486, 192.21764324875738, 191.0399063419959, 190.61656800380433, 193.8267515184305, 192.90202913468477, 192.86697182340123, 185.25483311278055, 195.2480614661696, 190.53437745709584, 193.64090639163624, 191.11181776602035, 193.78849759901112, 186.24653548712502, 189.7501626912865, 191.95400435302759, 196.37342324962535, 185.04076819591728, 188.16480581726518, 193.66630683415022, 195.52402773503402, 200.03914845939062, 189.4615511136799, 190.69149113099473, 193.35404454288158, 188.41722183328463, 190.3143257237989, 188.5921768654799, 193.9087026201652, 189.96143419908122, 193.48540019812634, 191.79633193581884, 190.35331258898736, 189.03404372388246, 191.00622368695977]}}