{"0.0001": {"weights": [-0.6761673498589562, -0.1835713886006891, 0.2707377868744612], "loss": [428.9951164462527, 365.7294952354572, 311.86755763815745, 271.88700523255756, 245.18963167694972, 226.51010988986386, 212.924962718301, 203.49779921970094, 202.85358059290547, 193.15351768106552, 188.816093767592, 191.01950512660534, 191.0768851717541, 194.71755703650166, 196.23117039181238, 192.04231089637278, 192.3082240843358, 193.8247570528715, 186.98768423366943, 199.17850627007533, 195.33801971017942, 190.30563414615074, 193.13308427060957, 191.82065364487318, 191.12737132012103, 197.55169832373008, 197.2371787227871, 191.31329851662116, 190.41826544237347, 192.29793570880128, 196.66468060223752, 194.14276590377133, 196.19246096191085, 198.82890583377554, 198.0303253274255, 196.8359687527817, 190.7201453720264, 191.59862362682975, 192.47151886682067, 188.48651520578034, 190.7546270170269, 188.59621248713194, 184.84986052490848, 191.9523755311664, 192.04406432077405, 184.79249278815814, 195.12392646554338, 195.5004134773714, 191.5035761892122, 198.49220601442562, 195.00221198548613, 191.54308021218148, 192.63822250224973, 192.72722606850687, 193.93716455314012, 191.06441040172916, 189.2126723567013, 196.19403170341428, 193.04169157159527, 193.78514537510495, 194.91284299947336, 194.1742125632221, 197.43812845202223, 195.4976018060959, 190.97244732899048, 194.27032588328788, 191.74608575361327, 196.279472225809, 192.66284540072974, 194.7662085313099, 199.6839794058272, 194.37264628886726, 187.22152360311446, 196.57685076717365, 194.2232319420321, 185.02926759221378, 189.053843847754, 193.80152640169104, 195.6534012648242, 194.99842046689957, 197.81781128410245, 194.5974466090648, 198.75460857343577, 195.03254847167187, 195.80366284938404, 196.6651826579377, 196.65323443119348, 192.11460092074412, 195.04522408084824, 197.01282774081744, 197.67223739182492, 192.41920979439894, 193.1608563991138, 199.9921051082536, 192.92649354857656, 193.04080611938662, 197.07805842109053, 194.53184126142014, 193.18042728244313, 189.75620960262123, 201.35533286377714, 192.86431560544412, 190.43197277994756, 193.6815296363526, 190.73231034255883, 195.57001147999648, 196.1817390267984, 191.4734814535938, 193.15623820111182, 197.79778123731975, 183.16885688092344, 195.67904434926393, 197.48723753826897, 192.04633115130736, 197.66767775163663, 190.35112619970602, 191.19630506845704, 195.16745940727122, 191.29950309899695, 192.89959315316497, 197.19481963777034, 192.61023741090733, 192.87340271430992, 190.5673960826037, 188.70451900022414, 198.938603645996, 199.86690328568264, 194.2072081320944, 190.80684663846193, 195.5788642476528, 191.52264710288676, 200.77639140285802, 196.2489464330016, 195.60103185446172, 188.92215566815298, 192.63628431966487, 194.03063496347852, 194.0819184086725, 185.41782624457096, 191.14683599655007, 193.26734958792525, 189.43767169165906, 193.6826555176407, 190.0297767140245, 194.97510859893396, 194.8237092309784, 186.88459557397795, 192.85112171363937, 195.2283161211294, 189.41412084772224, 197.5854005466452]}}